12,01,2017,04:57:00 AM,PM,IST
02,01,2017,05:01:00 AM,PM,IST
28,12,2017,11:56:00 AM,AM,IST
15,12,2017,11:42:00 AM,AM,IST
09,12,2017,05:07:00 AM,PM,IST
28,11,2017,03:10:00 AM,PM,IST
28,06,2017,04:59:00 AM,PM,IST
15,06,2017,10:12:00 AM,PM,IST
15,06,2017,03:49:00 AM,PM,IST
15,06,2017,02:03:00 AM,PM,IST
13,06,2017,04:48:00 AM,PM,IST
12,06,2017,10:23:00 AM,PM,IST
07,06,2017,11:53:00 AM,AM,IST
27,05,2017,03:37:00 AM,PM,IST
26,05,2017,12:19:00 PM,PM,IST
25,05,2017,07:25:00 AM,PM,IST
10,05,2017,08:26:00 AM,PM,IST
09,05,2017,03:28:00 AM,PM,IST
05,05,2017,07:07:00 AM,PM,IST
04,05,2017,09:04:00 AM,PM,IST
04,05,2017,07:31:00 AM,PM,IST
02,05,2017,01:10:00 AM,PM,IST
31,03,2017,11:16:00 AM,AM,IST
30,03,2017,08:13:00 AM,PM,IST
28,03,2017,04:07:00 AM,PM,IST
27,03,2017,04:57:00 AM,PM,IST
27,03,2017,05:01:00 AM,PM,IST
24,03,2017,11:56:00 AM,AM,IST
22,03,2017,11:42:00 AM,AM,IST
11,03,2017,05:07:00 AM,PM,IST
03,03,2017,03:10:00 AM,PM,IST
08,09,2017,06:04:00 AM,PM,IST
07,09,2017,02:18:00 AM,PM,IST
04,09,2017,10:06:00 AM,PM,IST
30,08,2017,09:47:00 AM,PM,IST
16,08,2017,07:16:00 AM,PM,IST
12,08,2017,12:14:00 PM,PM,IST
10,08,2017,10:47:00 AM,PM,IST
09,08,2017,05:10:00 AM,PM,IST
08,08,2017,06:08:00 AM,PM,IST
05,08,2017,09:21:00 AM,PM,IST
03,08,2017,07:54:00 AM,AM,IST
02,08,2017,07:34:00 AM,AM,IST
31,07,2017,11:02:00 AM,PM,IST
31,07,2017,09:01:00 AM,PM,IST
31,07,2017,08:36:00 AM,PM,IST
26,07,2017,06:43:00 AM,PM,IST
20,07,2017,02:56:00 AM,PM,IST
18,07,2017,03:03:00 AM,PM,IST
15,07,2017,08:31:00 AM,PM,IST
14,07,2017,06:23:00 AM,PM,IST
14,07,2017,06:11:00 AM,PM,IST
13,07,2017,01:49:00 AM,PM,IST
12,07,2017,05:24:00 AM,PM,IST
12,07,2017,02:09:00 AM,PM,IST
04,07,2017,03:26:00 AM,PM,IST
22,12,2017,11:51:00 AM,AM,IST
22,12,2017,11:46:00 AM,AM,IST
22,12,2017,10:21:00 AM,AM,IST
20,12,2017,10:40:00 AM,AM,IST
15,12,2017,01:17:00 AM,PM,IST
13,12,2017,01:40:00 AM,PM,IST
13,12,2017,08:01:00 AM,AM,IST
12,12,2017,09:35:00 AM,PM,IST
11,12,2017,10:40:00 AM,PM,IST
08,12,2017,08:06:00 AM,AM,IST
01,12,2017,01:53:00 AM,PM,IST
01,12,2017,09:05:00 AM,AM,IST
30,11,2017,09:59:00 AM,PM,IST
30,11,2017,10:59:00 AM,AM,IST
29,11,2017,04:18:00 AM,PM,IST
29,11,2017,12:36:00 PM,PM,IST
28,11,2017,09:24:00 AM,AM,IST
27,11,2017,02:26:00 AM,PM,IST
25,11,2017,11:06:00 AM,AM,IST
12,10,2017,11:03:00 AM,AM,IST
19,09,2017,03:24:00 AM,PM,IST
16,09,2017,05:29:00 AM,PM,IST
15,09,2017,05:29:00 AM,PM,IST
14,09,2017,10:17:00 AM,PM,IST
14,09,2017,02:36:00 AM,PM,IST
11,01,2018,10:39:00 AM,AM,IST
11,01,2018,09:45:00 AM,AM,IST
11,01,2018,08:32:00 AM,AM,IST
10,01,2018,09:52:00 AM,AM,IST
09,01,2018,09:15:00 AM,AM,IST
06,01,2018,09:14:00 AM,AM,IST
05,01,2018,05:39:00 AM,PM,IST
05,01,2018,03:13:00 AM,PM,IST
05,01,2018,02:35:00 AM,PM,IST
05,01,2018,10:43:00 AM,AM,IST
05,01,2018,10:04:00 AM,AM,IST
04,01,2018,01:17:00 AM,PM,IST
04,01,2018,09:52:00 AM,AM,IST
03,01,2018,05:20:00 AM,PM,IST
02,01,2018,04:50:00 AM,PM,IST
01,01,2018,05:43:00 AM,PM,IST
01,01,2018,11:12:00 AM,AM,IST
31,12,2017,06:50:00 AM,PM,IST
29,12,2017,01:37:00 AM,PM,IST
28,12,2017,08:55:00 AM,AM,IST
27,12,2017,08:21:00 AM,AM,IST
26,12,2017,11:06:00 AM,AM,IST
23,12,2017,07:55:00 AM,PM,IST
22,12,2017,06:13:00 AM,PM,IST
22,12,2017,12:02:00 PM,PM,IST
29,01,2018,10:39:00 AM,AM,IST
28,01,2018,03:16:00 AM,PM,IST
26,01,2018,09:59:00 AM,AM,IST
24,01,2018,04:35:00 AM,PM,IST
23,01,2018,03:15:00 AM,PM,IST
23,01,2018,05:19:00 AM,PM,IST
23,01,2018,12:26:00 PM,PM,IST
23,01,2018,10:47:00 AM,AM,IST
20,01,2018,09:25:00 AM,AM,IST
19,01,2018,11:32:00 AM,AM,IST
19,01,2018,05:55:00 AM,PM,IST
18,01,2018,04:39:00 AM,PM,IST
18,01,2018,12:48:00 PM,PM,IST
17,01,2018,10:57:00 AM,AM,IST
17,01,2018,10:15:00 AM,PM,IST
17,01,2018,03:03:00 AM,PM,IST
17,01,2018,11:08:00 AM,AM,IST
16,01,2018,08:08:00 AM,AM,IST
16,01,2018,05:56:00 AM,PM,IST
16,01,2018,09:39:00 AM,AM,IST
15,01,2018,08:13:00 AM,AM,IST
15,01,2018,11:18:00 AM,AM,IST
13,01,2018,09:08:00 AM,AM,IST
13,01,2018,05:46:00 AM,PM,IST
11,01,2018,02:51:00 AM,PM,IST
07,02,2018,08:30:00 AM,PM,IST
06,02,2018,03:16:00 AM,PM,IST
06,02,2018,09:59:00 AM,AM,IST
06,02,2018,04:35:00 AM,PM,IST
06,02,2018,03:15:00 AM,PM,IST
05,02,2018,05:19:00 AM,PM,IST
05,02,2018,11:47:00 AM,AM,IST
05,02,2018,06:07:00 AM,PM,IST
05,02,2018,05:28:00 AM,PM,IST
05,02,2018,10:36:00 AM,AM,IST
05,02,2018,08:07:00 AM,AM,IST
02,02,2018,06:13:00 AM,PM,IST
02,02,2018,05:36:00 AM,PM,IST
02,02,2018,04:42:00 AM,PM,IST
02,02,2018,02:58:00 AM,PM,IST
02,02,2018,02:02:00 AM,PM,IST
01,02,2018,10:58:00 AM,AM,IST
01,02,2018,06:30:00 AM,PM,IST
01,02,2018,03:55:00 AM,PM,IST
01,02,2018,03:32:00 AM,PM,IST
31,01,2018,01:22:00 AM,PM,IST
30,01,2018,11:00:00 AM,AM,IST
30,01,2018,03:30:00 AM,PM,IST
29,01,2018,12:38:00 PM,PM,IST
29,01,2018,12:14:00 PM,PM,IST
07,02,2018,09:33:00 AM,AM,IST
06,02,2018,09:51:00 AM,AM,IST
06,02,2018,10:07:00 AM,PM,IST
06,02,2018,01:55:00 AM,PM,IST
06,02,2018,07:39:00 AM,PM,IST
05,02,2018,03:46:00 AM,PM,IST
05,02,2018,11:47:00 AM,AM,IST
06,03,2018,06:07:00 AM,PM,IST
05,03,2018,05:28:00 AM,PM,IST
03,03,2018,10:36:00 AM,AM,IST
01,03,2018,08:07:00 AM,AM,IST
01,03,2018,06:13:00 AM,PM,IST
28,02,2018,05:36:00 AM,PM,IST
22,02,2018,04:42:00 AM,PM,IST
21,02,2018,02:58:00 AM,PM,IST
21,02,2018,02:02:00 AM,PM,IST
21,02,2018,01:08:00 AM,PM,IST
21,02,2018,05:18:00 AM,PM,IST
20,02,2018,08:05:00 AM,AM,IST
20,02,2018,06:47:00 AM,PM,IST
19,02,2018,02:00:00 AM,PM,IST
15,02,2018,07:03:00 AM,PM,IST
13,02,2018,12:41:00 PM,PM,IST
13,02,2018,03:01:00 AM,PM,IST
12,02,2018,12:25:00 PM,PM,IST
12,02,2018,10:33:00 AM,AM,IST
09,02,2018,08:52:00 AM,AM,IST
09,02,2018,04:19:00 AM,PM,IST
09,02,2018,11:07:00 AM,AM,IST
08,02,2018,08:30:00 AM,PM,IST
08,02,2018,07:50:00 AM,PM,IST
07,02,2018,09:47:00 AM,AM,IST
06,03,2018,08:46:00 AM,AM,IST
05,03,2018,01:16:00 AM,PM,IST
03,03,2018,08:06:00 AM,AM,IST
05,04,2018,05:00:00 AM,PM,IST
04,04,2018,03:35:00 AM,PM,IST
03,04,2018,02:24:00 AM,PM,IST
02,04,2018,04:00:00 AM,PM,IST
27,03,2018,08:22:00 AM,AM,IST
26,03,2018,08:10:00 AM,PM,IST
26,03,2018,04:53:00 AM,PM,IST
24,03,2018,10:57:00 AM,AM,IST
23,03,2018,03:44:00 AM,PM,IST
22,03,2018,04:15:00 AM,PM,IST
22,03,2018,11:12:00 AM,AM,IST
21,03,2018,09:32:00 AM,PM,IST
20,03,2018,10:15:00 AM,AM,IST
20,03,2018,10:37:00 AM,AM,IST
20,03,2018,04:19:00 AM,PM,IST
19,03,2018,07:25:00 AM,PM,IST
19,03,2018,12:04:00 PM,PM,IST
15,03,2018,04:32:00 AM,PM,IST
14,03,2018,01:40:00 AM,PM,IST
13,03,2018,08:18:00 AM,AM,IST
13,03,2018,07:33:00 AM,AM,IST
13,03,2018,06:49:00 AM,PM,IST
08,03,2018,02:08:00 AM,PM,IST
07,03,2018,04:04:00 AM,PM,IST
06,03,2018,06:01:00 AM,PM,IST
05,04,2018,04:59:00 AM,PM,IST
04,04,2018,11:16:00 AM,AM,IST
03,04,2018,09:50:00 AM,AM,IST
02,04,2018,09:10:00 AM,AM,IST
27,03,2018,04:27:00 AM,PM,IST
26,03,2018,04:54:00 AM,PM,IST
26,03,2018,04:53:00 AM,PM,IST
24,03,2018,10:57:00 AM,AM,IST
23,03,2018,03:44:00 AM,PM,IST
22,03,2018,04:15:00 AM,PM,IST
22,03,2018,11:12:00 AM,AM,IST
21,03,2018,09:32:00 AM,PM,IST
20,03,2018,10:15:00 AM,AM,IST
20,03,2018,10:37:00 AM,AM,IST
20,03,2018,04:19:00 AM,PM,IST
19,03,2018,07:25:00 AM,PM,IST
19,03,2018,12:04:00 PM,PM,IST
15,03,2018,04:32:00 AM,PM,IST
14,03,2018,01:40:00 AM,PM,IST
13,03,2018,08:18:00 AM,AM,IST
13,03,2018,07:33:00 AM,AM,IST
13,03,2018,06:49:00 AM,PM,IST
08,03,2018,02:08:00 AM,PM,IST
07,03,2018,04:04:00 AM,PM,IST
06,03,2018,06:01:00 AM,PM,IST
05,04,2018,04:59:00 AM,PM,IST
04,04,2018,11:16:00 AM,AM,IST
03,04,2018,09:50:00 AM,AM,IST
02,04,2018,09:10:00 AM,AM,IST
27,03,2018,04:27:00 AM,PM,IST
26,03,2018,04:54:00 AM,PM,IST
26,03,2018,04:53:00 AM,PM,IST
24,03,2018,10:57:00 AM,AM,IST
23,03,2018,03:44:00 AM,PM,IST
22,03,2018,04:15:00 AM,PM,IST
22,03,2018,11:12:00 AM,AM,IST
21,03,2018,09:32:00 AM,PM,IST
20,03,2018,10:15:00 AM,AM,IST
20,03,2018,10:37:00 AM,AM,IST
20,03,2018,04:19:00 AM,PM,IST
19,03,2018,07:25:00 AM,PM,IST
19,03,2018,06:15:00 AM,PM,IST
15,03,2018,03:00:00 AM,PM,IST
14,03,2018,03:30:00 AM,PM,IST
13,03,2018,11:06:00 AM,AM,IST
13,03,2018,04:58:00 AM,PM,IST
13,03,2018,03:45:00 AM,PM,IST
08,03,2018,11:19:00 AM,AM,IST
07,03,2018,10:50:00 AM,PM,IST
06,03,2018,01:33:00 AM,PM,IST
05,04,2018,11:35:00 AM,AM,IST
04,04,2018,05:12:00 AM,PM,IST
03,04,2018,04:58:00 AM,PM,IST
02,04,2018,12:52:00 PM,PM,IST
27,03,2018,11:30:00 AM,AM,IST
26,03,2018,02:07:00 AM,PM,IST
26,03,2018,11:05:00 AM,AM,IST
24,03,2018,01:51:00 AM,PM,IST
23,03,2018,12:35:00 PM,PM,IST
22,03,2018,11:47:00 AM,AM,IST
22,03,2018,05:30:00 AM,PM,IST
21,03,2018,08:42:00 AM,PM,IST
20,03,2018,06:43:00 AM,PM,IST
20,03,2018,05:04:00 AM,PM,IST
20,03,2018,01:02:00 AM,PM,IST
19,03,2018,07:46:00 AM,AM,IST
19,03,2018,06:15:00 AM,PM,IST
15,03,2018,03:00:00 AM,PM,IST
14,03,2018,03:30:00 AM,PM,IST
04,05,2018,11:06:00 AM,AM,IST
04,05,2018,04:58:00 AM,PM,IST
27,04,2018,03:45:00 AM,PM,IST
26,04,2018,11:19:00 AM,AM,IST
24,04,2018,10:50:00 AM,PM,IST
24,04,2018,01:33:00 AM,PM,IST
24,04,2018,11:35:00 AM,AM,IST
23,04,2018,05:12:00 AM,PM,IST
23,04,2018,04:58:00 AM,PM,IST
23,04,2018,12:52:00 PM,PM,IST
20,04,2018,11:30:00 AM,AM,IST
19,04,2018,02:07:00 AM,PM,IST
17,04,2018,11:05:00 AM,AM,IST
13,04,2018,01:51:00 AM,PM,IST
12,04,2018,12:35:00 PM,PM,IST
12,04,2018,11:47:00 AM,AM,IST
10,04,2018,05:30:00 AM,PM,IST
09,04,2018,08:42:00 AM,PM,IST
09,04,2018,06:43:00 AM,PM,IST
08,04,2018,05:04:00 AM,PM,IST
06,04,2018,01:02:00 AM,PM,IST
06,04,2018,07:46:00 AM,AM,IST
06,04,2018,06:15:00 AM,PM,IST
06,04,2018,03:00:00 AM,PM,IST
06,04,2018,03:30:00 AM,PM,IST
08,06,2018,11:06:00 AM,AM,IST
08,06,2018,04:58:00 AM,PM,IST
07,06,2018,03:45:00 AM,PM,IST
07,06,2018,11:19:00 AM,AM,IST
06,06,2018,10:50:00 AM,PM,IST
06,06,2018,01:33:00 AM,PM,IST
06,06,2018,11:35:00 AM,AM,IST
05,06,2018,05:12:00 AM,PM,IST
05,06,2018,04:58:00 AM,PM,IST
05,06,2018,12:52:00 PM,PM,IST
05,06,2018,11:30:00 AM,AM,IST
04,06,2018,02:07:00 AM,PM,IST
04,06,2018,11:05:00 AM,AM,IST
01,06,2018,01:51:00 AM,PM,IST
01,06,2018,12:35:00 PM,PM,IST
31,05,2018,11:47:00 AM,AM,IST
25,05,2018,05:30:00 AM,PM,IST
22,05,2018,08:42:00 AM,PM,IST
18,05,2018,06:43:00 AM,PM,IST
14,05,2018,05:04:00 AM,PM,IST
11,05,2018,01:02:00 AM,PM,IST
09,05,2018,07:46:00 AM,AM,IST
08,05,2018,06:15:00 AM,PM,IST
08,05,2018,03:00:00 AM,PM,IST
07,05,2018,03:30:00 AM,PM,IST
08,06,2018,11:06:00 AM,AM,IST
04,05,2018,04:58:00 AM,PM,IST
04,05,2018,03:45:00 AM,PM,IST
27,04,2018,11:19:00 AM,AM,IST
26,04,2018,10:50:00 AM,PM,IST
24,04,2018,01:33:00 AM,PM,IST
24,04,2018,11:35:00 AM,AM,IST
24,04,2018,05:12:00 AM,PM,IST
23,04,2018,04:58:00 AM,PM,IST
23,04,2018,12:52:00 PM,PM,IST
23,04,2018,11:30:00 AM,AM,IST
20,04,2018,02:07:00 AM,PM,IST
19,04,2018,11:05:00 AM,AM,IST
17,04,2018,01:51:00 AM,PM,IST
13,04,2018,12:35:00 PM,PM,IST
12,04,2018,11:47:00 AM,AM,IST
12,04,2018,05:30:00 AM,PM,IST
10,04,2018,08:42:00 AM,PM,IST
09,04,2018,06:43:00 AM,PM,IST
09,04,2018,05:04:00 AM,PM,IST
08,04,2018,01:02:00 AM,PM,IST
06,04,2018,07:46:00 AM,AM,IST
06,04,2018,06:15:00 AM,PM,IST
06,04,2018,03:00:00 AM,PM,IST
06,04,2018,03:30:00 AM,PM,IST
06,04,2018,11:06:00 AM,AM,IST
08,06,2018,04:58:00 AM,PM,IST
08,06,2018,03:32:00 AM,PM,IST
07,06,2018,01:41:00 AM,PM,IST
07,06,2018,06:34:00 AM,PM,IST
06,06,2018,03:52:00 AM,PM,IST
06,06,2018,09:34:00 AM,PM,IST
06,06,2018,09:14:00 AM,PM,IST
05,06,2018,06:26:00 AM,PM,IST
05,06,2018,05:08:00 AM,PM,IST
05,06,2018,01:37:00 AM,PM,IST
05,06,2018,12:00:00 PM,PM,IST
04,06,2018,11:57:00 AM,AM,IST
04,06,2018,06:06:00 AM,PM,IST
01,06,2018,01:50:00 AM,PM,IST
01,06,2018,08:05:00 AM,PM,IST
31,05,2018,05:10:00 AM,PM,IST
25,05,2018,03:59:00 AM,PM,IST
